{"cameraMode":{"drawMode":0,"name":"Shaded","section":"Shading Mode"},"sceneLighting":false,"audioPlay":false,"sceneViewState":{"m_AlwaysRefresh":false,"showFog":true,"showSkybox":false,"showFlares":true,"showImageEffects":true,"showParticleSystems":true,"showVisualEffectGraphs":true,"m_FxEnabled":true},"in2DMode":false,"pivot":{"x":3.405189275741577,"y":0.2099086344242096,"z":-4.8158979415893559},"rotation":{"x":0.021129325032234193,"y":-0.018165092915296556,"z":0.00041525712003931403,"w":0.9995264410972595},"size":1.4151136875152588,"orthographic":false}