{"cameraMode":{"drawMode":0,"name":"Shaded","section":"Shading Mode"},"sceneLighting":false,"audioPlay":false,"sceneViewState":{"m_AlwaysRefresh":false,"showFog":true,"showSkybox":false,"showFlares":true,"showImageEffects":true,"showParticleSystems":true,"showVisualEffectGraphs":true,"m_FxEnabled":true},"in2DMode":false,"pivot":{"x":-0.3395511209964752,"y":-0.054230399429798129,"z":0.49987921118736269},"rotation":{"x":0.12940281629562379,"y":-0.4477636218070984,"z":0.06566191464662552,"w":0.8821889162063599},"size":1.4151136875152588,"orthographic":false}